Workbook

Sheet Parametros_Entrada
A1: UNIVERSIDAD TÉCNICA DE AMBATO - FACULTAD DE INGENIERÍA CIVIL Y MECÁNICA
A2: Asignatura: Dinámica | Cálculos Dinámicos de un Torno Didáctico para Madera (Avance 2)
A3: PARÁMETROS FÍSICOS Y CINEMÁTICOS DE ENTRADA (BASE DE CÁLCULO OFICIAL)
A5: ID | B5: Parámetro Físico | C5: Símbolo | D5: Valor Entrada | E5: Unidad | F5: Descripción / Norma
A6: P01 | B6: Velocidad angular nominal motor | C6: N_mot | D6: 1700 | E6: RPM | F6: Placa motor de inducción monofásico
A7: P02 | B7: Radio de la pieza de madera | C7: R | D7: 0.04 | E7: m | F7: Pieza cilíndrica estándar (D = 80 mm)
A8: P03 | B8: Longitud de la pieza de madera | C8: L_madera | D8: 0.3 | E8: m | F8: Longitud entre puntos
A9: P04 | B9: Densidad de la madera (Laurel) | C9: rho_m | D9: 500 | E9: kg/m³ | F9: Madera semidura para tornería
A10: P05 | B10: Masa desbalanceada | C10: m_u | D10: 0.02 | E10: kg | F10: Excentricidad por densidad no homogénea
A11: P06 | B11: Excentricidad del desbalance | C11: e | D11: 0.002 | E11: m | F11: Desviación radial respecto al eje
A12: P07 | B12: Frecuencia de la red eléctrica | C12: f | D12: 60 | E12: Hz | F12: Red eléctrica industrial Ecuador
A13: P08 | B13: Número de polos magnéticos | C13: p | D13: 4 | E13: polos | F13: Estator motor 4 polos
A14: P09 | B14: Fuerza tangencial de corte | C14: F_c | D14: 20 | E14: N | F14: Acción de gubia de desbaste
A15: P10 | B15: Velocidad de avance longitudinal | C15: v_a | D15: 0.005 | E15: m/s | F15: Carro portaherramientas manual
A16: P11 | B16: Profundidad de corte radial | C16: d_r | D16: 0.003 | E16: m | F16: Desbaste inicial (3 mm)
A17: P12 | B17: Tasa de remoción de material | C17: m_dot | D17: 0.005 | E17: kg/s | F17: Flujo másico de viruta
... A34: P29 | B34: Factor concentración esfuerzos | C34: K_t | D34: 1.6 | E34: - | F34: Chavetero fresado de extremo

Sheet Memoria_20_Calculos
A1: MEMORIA DE CÁLCULO ANALÍTICO DE LOS 20 CÁLCULOS DINÁMICOS
A2: Modelado riguroso con fórmulas matemáticas dinámicas enlazadas a los parámetros de entrada
A4: N° | B4: Cálculo Académico (Avance 2) | C4: Fórmula Teórica / Definición | D4: Fórmula Dinámica Excel (Evaluación) | E4: Resultado Simulación | F4: Unidad | G4: Valor Benchmark Avance 2 | H4: Error Relativo | I4: Estado
A5: C01 | B5: Velocidad tangencial superficial | C5: v_t = omega_0 * R | D5: =((Parametros_Entrada!$D$6*2*PI()/60)*Parametros_Entrada!$D$7) | E5: =D5 | F5: m/s | G5: 7.121 | H5: =IF(G5=0, 0, ABS(E5-G5)/G5) | I5: =IF(H5<0.005, "CONFORME", "REVISAR")
A6: C02 | B6: Aceleración normal superficial | C6: a_n = omega_0^2 * R | D6: =(((Parametros_Entrada!$D$6*2*PI()/60)^2)*Parametros_Entrada!$D$7) | E6: =D6 | F6: m/s² | G6: 1267.726 | H6: =IF(G6=0, 0, ABS(E6-G6)/G6) | I6: =IF(H6<0.005, "CONFORME", "REVISAR")
A7: C03 | B7: Tiempo de aceleración arranque | C7: t_arr = 3 * tau_m | D7: =3*0.40 | E7: =D7 | F7: s | G7: 1.2 | H7: =IF(G7=0, 0, ABS(E7-G7)/G7) | I7: =IF(H7<0.005, "CONFORME", "REVISAR")
A8: C04 | B8: Longitud de arco barrida en 1 s | C8: s = theta(1) * R | D8: =(0.5*((Parametros_Entrada!$D$6*2*PI()/60)/1.2)*1^2)*Parametros_Entrada!$D$7 | E8: =D8 | F8: m | G8: 2.967 | H8: =IF(G8=0, 0, ABS(E8-G8)/G8) | I8: =IF(H8<0.005, "CONFORME", "REVISAR")
A9: C05 | B9: Velocidad de corte recomendada | C9: v_c = (pi * D * N) / 1000 | D9: =(PI()*(2*Parametros_Entrada!$D$7*1000)*Parametros_Entrada!$D$6)/1000 | E9: =D9 | F9: m/min | G9: 427.257 | H9: =IF(G9=0, 0, ABS(E9-G9)/G9) | I9: =IF(H9<0.005, "CONFORME", "REVISAR")
A10: C06 | B10: Deslizamiento del motor s | C10: s = (N_sinc - N_mot) / N_sinc | D10: =(((120*Parametros_Entrada!$D$12/Parametros_Entrada!$D$13)-Parametros_Entrada!$D$6)/(120*Parametros_Entrada!$D$12/Parametros_Entrada!$D$13)) | E10: =D10 | F10: % | G10: 0.0556 | H10: =IF(G10=0, 0, ABS(E10-G10)/G10) | I10: =IF(H10<0.005, "CONFORME", "REVISAR")
A11: C07 | B11: Gradiente de velocidad tangencial | C11: dv/dr = omega_0 | D11: =(Parametros_Entrada!$D$6*2*PI()/60) | E11: =D11 | F11: s⁻¹ | G11: 178.024 | H11: =IF(G11=0, 0, ABS(E11-G11)/G11) | I11: =IF(H11<0.005, "CONFORME", "REVISAR")
A12: C08 | B12: Velocidad relativa de corte | C12: v_rel = sqrt(v_t^2 + v_a^2) | D12: =SQRT(((Parametros_Entrada!$D$6*2*PI()/60)*Parametros_Entrada!$D$7)^2 + Parametros_Entrada!$D$15^2) | E12: =D12 | F12: m/s | G12: 7.121 | H12: =IF(G12=0, 0, ABS(E12-G12)/G12) | I12: =IF(H12<0.005, "CONFORME", "REVISAR")
A13: C09 | B13: Aceleración por rebaje radial | C13: a_rebaje = -2*omega^2*r*(dr/dt) | D13: =2*((Parametros_Entrada!$D$6*2*PI()/60)^2)*Parametros_Entrada!$D$7*(Parametros_Entrada!$D$16/1.0) | E13: =D13 | F13: m/s³ | G13: 7.606 | H13: =IF(G13=0, 0, ABS(E13-G13)/G13) | I13: =IF(H13<0.005, "CONFORME", "REVISAR")
A14: C10 | B14: Aceleración intrínseca resultante | C14: a_tot = sqrt(a_t^2 + a_n^2) | D14: =SQRT(((((Parametros_Entrada!$D$6*2*PI()/60)/1.2)*Parametros_Entrada!$D$7)^2) + ((((Parametros_Entrada!$D$6*2*PI()/60)^2)*Parametros_Entrada!$D$7)^2)) | E14: =D14 | F14: m/s² | G14: 1267.73 | H14: =IF(G14=0, 0, ABS(E14-G14)/G14) | I14: =IF(H14<0.005, "CONFORME", "REVISAR")
A15: C11 | B15: Fuerza centrífuga de desbalance | C15: F_u = m_u * e * omega^2 | D15: =Parametros_Entrada!$D$10*Parametros_Entrada!$D$11*((Parametros_Entrada!$D$6*2*PI()/60)^2) | E15: =D15 | F15: N | G15: 1.268 | H15: =IF(G15=0, 0, ABS(E15-G15)/G15) | I15: =IF(H15<0.005, "CONFORME", "REVISAR")
A16: C12 | B16: Energía cinética rotacional nominal | C16: E_k = 0.5 * I_tot * omega^2 | D16: =0.5*0.001648*((Parametros_Entrada!$D$6*2*PI()/60)^2) | E16: =D16 | F16: J | G16: 26.115 | H16: =IF(G16=0, 0, ABS(E16-G16)/G16) | I16: =IF(H16<0.005, "CONFORME", "REVISAR")
A17: C13 | B17: Potencia mecánica útil de corte | C17: P_corte = F_c * v_t | D17: =Parametros_Entrada!$D$14*((Parametros_Entrada!$D$6*2*PI()/60)*Parametros_Entrada!$D$7) | E17: =D17 | F17: W | G17: 142.419 | H17: =IF(G17=0, 0, ABS(E17-G17)/G17) | I17: =IF(H17<0.005, "CONFORME", "REVISAR")
A18: C14 | B18: Momento angular total H | C18: H = I_tot * omega_0 | D18: =0.001648*(Parametros_Entrada!$D$6*2*PI()/60) | E18: =D18 | F18: N·m·s | G18: 0.293 | H18: =IF(G18=0, 0, ABS(E18-G18)/G18) | I18: =IF(H18<0.005, "CONFORME", "REVISAR")
A19: C15 | B19: Fuerza de reacción por expulsión viruta | C19: F_viruta = m_dot * v_t | D19: =Parametros_Entrada!$D$17*((Parametros_Entrada!$D$6*2*PI()/60)*Parametros_Entrada!$D$7) | E19: =D19 | F19: N | G19: 0.0356 | H19: =IF(G19=0, 0, ABS(E19-G19)/G19) | I19: =IF(H19<0.005, "CONFORME", "REVISAR")
A20: C16 | B20: Momento de inercia total equivalente | C20: I_tot = I_husillo + I_plato + I_madera | D20: =(0.5*Parametros_Entrada!$D$20*(Parametros_Entrada!$D$18/2)^2) + (0.5*Parametros_Entrada!$D$21*(Parametros_Entrada!$D$19/2)^2) + (0.5*(Parametros_Entrada!$D$9*PI()*(Parametros_Entrada!$D$7^2)*Parametros_Entrada!$D$8)*Parametros_Entrada!$D$7^2) | E20: =D20 | F20: kg·m² | G20: 0.001648 | H20: =IF(G20=0, 0, ABS(E20-G20)/G20) | I20: =IF(H20<0.005, "CONFORME", "REVISAR")
A21: C17 | B21: Coeficiente de amortiguamiento viscoso | C21: b = M_perdidas / omega_0 | D21: =0.050/(Parametros_Entrada!$D$6*2*PI()/60) | E21: =D21 | F21: N·m·s/rad | G21: 0.0002809 | H21: =IF(G21=0, 0, ABS(E21-G21)/G21) | I21: =IF(H21<0.005, "CONFORME", "REVISAR")
A22: C18 | B22: Tiempo de frenado libre (Rundown) | C22: t_parada = 3 * (I_tot / b) | D22: =3*(0.001648/(0.050/(Parametros_Entrada!$D$6*2*PI()/60))) | E22: =D22 | F22: s | G22: 17.6 | H22: =IF(G22=0, 0, ABS(E22-G22)/G22) | I22: =IF(H22<0.005, "CONFORME", "REVISAR")
A23: C19 | B23: Esfuerzo cortante máximo en chaveta | C23: tau_max = K_t * (16*M_t / (pi*d^3)) | D23: =Parametros_Entrada!$D$34*(16*Parametros_Entrada!$D$29/(PI()*(Parametros_Entrada!$D$18^3)))/1000000 | E23: =D23 | F23: MPa | G23: 0.95 | H23: =IF(G23=0, 0, ABS(E23-G23)/G23) | I23: =IF(H23<0.005, "CONFORME", "REVISAR")
A24: C20 | B24: Fuerza axial contrapunto y trabajo | C24: F_ax = F_0 + k*Dx ; U = 0.5*(F_0+F_ax)*Dx | D24: =Parametros_Entrada!$D$22 + (Parametros_Entrada!$D$23*Parametros_Entrada!$D$25) | E24: =D24 | F24: N | G24: 575 | H24: =IF(G24=0, 0, ABS(E24-G24)/G24) | I24: =IF(H24<0.005, "CONFORME", "REVISAR")
